Workbook

Sheet README
A1: CHOmpact Figure 3-style Reduced Central Flux Pipeline
A3: Purpose | B3: Clone/time-course spent-media metabolomics를 CHOmpact Figure 3 스타일의 reduced central flux map 입력값으로 변환합니다.
A4: Important | B4: 논문 Figure 3의 완전 재현이 아니라, 실험 데이터 기반 상대 flux proxy를 만드는 실용 버전입니다.
A5: Input | B5: Clone, phase/time window, VCD start/end, extracellular metabolite start/end concentration.
A6: Output | B6: Exchange flux, glycolysis/TCA/glutaminolysis/lactate/AA/Asp-Mal shuttle proxy.
A7: Unit | B7: mmol / 1e9 cells / day. Uptake positive = 세포가 소비, secretion positive = 세포가 분비.
A8: Use | B8: 절대 intracellular flux가 아니라 clone 간 상대 비교용으로 해석하세요.

Sheet 01_Input_Timecourse
A1: Sample_ID | B1: Clone | C1: Group | D1: Phase | E1: t_start_h | F1: t_end_h | G1: VCD_start_1e6_cells_mL | H1: VCD_end_1e6_cells_mL | I1: qP_pg_cell_day | J1: Titer_g_L | K1: Glucose_start_mM | L1: Glucose_end_mM | M1: Lactate_start_mM | N1: Lactate_end_mM | O1: Glutamine_start_mM | P1: Glutamine_end_mM | Q1: Glutamate_start_mM | R1: Glutamate_end_mM | S1: Alanine_start_mM | T1: Alanine_end_mM | U1: Asparagine_start_mM | V1: Asparagine_end_mM | W1: Aspartate_start_mM | X1: Aspartate_end_mM | Y1: Serine_start_mM | Z1: Serine_end_mM | AA1: Glycine_start_mM | AB1: Glycine_end_mM | AC1: Leucine_start_mM | AD1: Leucine_end_mM | AE1: Isoleucine_start_mM | AF1: Isoleucine_end_mM | AG1: Ammonia_start_mM | AH1: Ammonia_end_mM | AI1: Malate_start_mM | AJ1: Malate_end_mM | AK1: Citrate_start_mM | AL1: Citrate_end_mM | AM1: Succinate_start_mM | AN1: Succinate_end_mM | AO1: Notes
A2: EX_C1_Early | B2: Clone_1 | C2: High | D2: Early | E2: 0 | F2: 48 | G2: 0.3 | H2: 2 | I2: 25 | J2: 0.45 | K2: 25 | L2: 16 | M2: 2 | N2: 10 | O2: 4 | P2: 1.5 | Q2: 0.3 | R2: 0.8 | S2: 0.6 | T2: 1 | U2: 1 | V2: 0.6 | W2: 0.15 | X2: 0.08 | Y2: 0.7 | Z2: 0.4 | AA2: 0.5 | AB2: 0.35 | AC2: 0.8 | AD2: 0.55 | AE2: 0.8 | AF2: 0.6 | AG2: 0.5 | AH2: 2.5 | AO2: Example only
A3: EX_C2_Early | B3: Clone_2 | C3: Low | D3: Early | E3: 0 | F3: 48 | G3: 0.3 | H3: 1.7 | I3: 12 | J3: 0.18 | K3: 25 | L3: 18 | M3: 2 | N3: 14 | O3: 4 | P3: 2.2 | Q3: 0.3 | R3: 1.1 | S3: 0.6 | T3: 1.4 | U3: 1 | V3: 0.8 | W3: 0.15 | X3: 0.12 | Y3: 0.7 | Z3: 0.48 | AA3: 0.5 | AB3: 0.42 | AC3: 0.8 | AD3: 0.65 | AE3: 0.8 | AF3: 0.7 | AG3: 0.5 | AH3: 3.3 | AO3: Example only

Sheet 02_Exchange_Flux
A1: Sample_ID | B1: Clone | C1: Group | D1: Phase | E1: delta_t_day | F1: avg_VCD_1e6_cells_mL | G1: Glucose_uptake | H1: Lactate_secretion | I1: Glutamine_uptake | J1: Glutamate_secretion | K1: Alanine_secretion | L1: Asparagine_uptake | M1: Aspartate_uptake | N1: Serine_uptake | O1: Glycine_uptake | P1: Leucine_uptake | Q1: Isoleucine_uptake | R1: Ammonia_secretion | S1: Malate_net_secretion | T1: Citrate_net_secretion | U1: Succinate_net_secretion | V1: QC_flag
A2: ='01_Input_Timecourse'!A2 | B2: ='01_Input_Timecourse'!B2 | C2: ='01_Input_Timecourse'!C2 | D2: ='01_Input_Timecourse'!D2 | E2: =IFERROR(('01_Input_Timecourse'!F2-'01_Input_Timecourse'!E2)/24,"") | F2: =IFERROR(AVERAGE('01_Input_Timecourse'!G2:H2),"") | G2: =IFERROR(('01_Input_Timecourse'!K2-'01_Input_Timecourse'!L2)/$E2/$F2,"") | H2: =IFERROR(('01_Input_Timecourse'!N2-'01_Input_Timecourse'!M2)/$E2/$F2,"") | I2: =IFERROR(('01_Input_Timecourse'!O2-'01_Input_Timecourse'!P2)/$E2/$F2,"") | J2: =IFERROR(('01_Input_Timecourse'!R2-'01_Input_Timecourse'!Q2)/$E2/$F2,"") | K2: =IFERROR(('01_Input_Timecourse'!T2-'01_Input_Timecourse'!S2)/$E2/$F2,"") | L2: =IFERROR(('01_Input_Timecourse'!U2-'01_Input_Timecourse'!V2)/$E2/$F2,"") | M2: =IFERROR(('01_Input_Timecourse'!W2-'01_Input_Timecourse'!X2)/$E2/$F2,"") | N2: =IFERROR(('01_Input_Timecourse'!Y2-'01_Input_Timecourse'!Z2)/$E2/$F2,"") | O2: =IFERROR(('01_Input_Timecourse'!AA2-'01_Input_Timecourse'!AB2)/$E2/$F2,"") | P2: =IFERROR(('01_Input_Timecourse'!AC2-'01_Input_Timecourse'!AD2)/$E2/$F2,"") | Q2: =IFERROR(('01_Input_Timecourse'!AE2-'01_Input_Timecourse'!AF2)/$E2/$F2,"") | R2: =IFERROR(('01_Input_Timecourse'!AH2-'01_Input_Timecourse'!AG2)/$E2/$F2,"") | S2: =IFERROR(('01_Input_Timecourse'!AJ2-'01_Input_Timecourse'!AI2)/$E2/$F2,"") | T2: =IFERROR(('01_Input_Timecourse'!AL2-'01_Input_Timecourse'!AK2)/$E2/$F2,"") | U2: =IFERROR(('01_Input_Timecourse'!AN2-'01_Input_Timecourse'!AM2)/$E2/$F2,"") | V2: =IF(A2="","",IF(OR(E2<=0,F2<=0),"Check time/VCD","OK"))
A3: ='01_Input_Timecourse'!A3 | B3: ='01_Input_Timecourse'!B3 | C3: ='01_Input_Timecourse'!C3 | D3: ='01_Input_Timecourse'!D3 | E3: =IFERROR(('01_Input_Timecourse'!F3-'01_Input_Timecourse'!E3)/24,"") | F3: =IFERROR(AVERAGE('01_Input_Timecourse'!G3:H3),"") | G3: =IFERROR(('01_Input_Timecourse'!K3-'01_Input_Timecourse'!L3)/$E3/$F3,"") | H3: =IFERROR(('01_Input_Timecourse'!N3-'01_Input_Timecourse'!M3)/$E3/$F3,"") | I3: =IFERROR(('01_Input_Timecourse'!O3-'01_Input_Timecourse'!P3)/$E3/$F3,"") | J3: =IFERROR(('01_Input_Timecourse'!R3-'01_Input_Timecourse'!Q3)/$E3/$F3,"") | K3: =IFERROR(('01_Input_Timecourse'!T3-'01_Input_Timecourse'!S3)/$E3/$F3,"") | L3: =IFERROR(('01_Input_Timecourse'!U3-'01_Input_Timecourse'!V3)/$E3/$F3,"") | M3: =IFERROR(('01_Input_Timecourse'!W3-'01_Input_Timecourse'!X3)/$E3/$F3,"") | N3: =IFERROR(('01_Input_Timecourse'!Y3-'01_Input_Timecourse'!Z3)/$E3/$F3,"") | O3: =IFERROR(('01_Input_Timecourse'!AA3-'01_Input_Timecourse'!AB3)/$E3/$F3,"") | P3: =IFERROR(('01_Input_Timecourse'!AC3-'01_Input_Timecourse'!AD3)/$E3/$F3,"") | Q3: =IFERROR(('01_Input_Timecourse'!AE3-'01_Input_Timecourse'!AF3)/$E3/$F3,"") | R3: =IFERROR(('01_Input_Timecourse'!AH3-'01_Input_Timecourse'!AG3)/$E3/$F3,"") | S3: =IFERROR(('01_Input_Timecourse'!AJ3-'01_Input_Timecourse'!AI3)/$E3/$F3,"") | T3: =IFERROR(('01_Input_Timecourse'!AL3-'01_Input_Timecourse'!AK3)/$E3/$F3,"") | U3: =IFERROR(('01_Input_Timecourse'!AN3-'01_Input_Timecourse'!AM3)/$E3/$F3,"") | V3: =IF(A3="","",IF(OR(E3<=0,F3<=0),"Check time/VCD","OK"))
A4: ='01_Input_Timecourse'!A4 | B4: ='01_Input_Timecourse'!B4 | C4: ='01_Input_Timecourse'!C4 | D4: ='01_Input_Timecourse'!D4 | E4: =IFERROR(('01_Input_Timecourse'!F4-'01_Input_Timecourse'!E4)/24,"") | F4: =IFERROR(AVERAGE('01_Input_Timecourse'!G4:H4),"") | G4: =IFERROR(('01_Input_Timecourse'!K4-'01_Input_Timecourse'!L4)/$E4/$F4,"") | H4: =IFERROR(('01_Input_Timecourse'!N4-'01_Input_Timecourse'!M4)/$E4/$F4,"") | I4: =IFERROR(('01_Input_Timecourse'!O4-'01_Input_Timecourse'!P4)/$E4/$F4,"") | J4: =IFERROR(('01_Input_Timecourse'!R4-'01_Input_Timecourse'!Q4)/$E4/$F4,"") | K4: =IFERROR(('01_Input_Timecourse'!T4-'01_Input_Timecourse'!S4)/$E4/$F4,"") | L4: =IFERROR(('01_Input_Timecourse'!U4-'01_Input_Timecourse'!V4)/$E4/$F4,"") | M4: =IFERROR(('01_Input_Timecourse'!W4-'01_Input_Timecourse'!X4)/$E4/$F4,"") | N4: =IFERROR(('01_Input_Timecourse'!Y4-'01_Input_Timecourse'!Z4)/$E4/$F4,"") | O4: =IFERROR(('01_Input_Timecourse'!AA4-'01_Input_Timecourse'!AB4)/$E4/$F4,"") | P4: =IFERROR(('01_Input_Timecourse'!AC4-'01_Input_Timecourse'!AD4)/$E4/$F4,"") | Q4: =IFERROR(('01_Input_Timecourse'!AE4-'01_Input_Timecourse'!AF4)/$E4/$F4,"") | R4: =IFERROR(('01_Input_Timecourse'!AH4-'01_Input_Timecourse'!AG4)/$E4/$F4,"") | S4: =IFERROR(('01_Input_Timecourse'!AJ4-'01_Input_Timecourse'!AI4)/$E4/$F4,"") | T4: =IFERROR(('01_Input_Timecourse'!AL4-'01_Input_Timecourse'!AK4)/$E4/$F4,"") | U4: =IFERROR(('01_Input_Timecourse'!AN4-'01_Input_Timecourse'!AM4)/$E4/$F4,"") | V4: =IF(A4="","",IF(OR(E4<=0,F4<=0),"Check time/VCD","OK"))
A5: ='01_Input_Timecourse'!A5 | B5: ='01_Input_Timecourse'!B5 | C5: ='01_Input_Timecourse'!C5 | D5: ='01_Input_Timecourse'!D5 | E5: =IFERROR(('01_Input_Timecourse'!F5-'01_Input_Timecourse'!E5)/24,"") | F5: =IFERROR(AVERAGE('01_Input_Timecourse'!G5:H5),"") | G5: =IFERROR(('01_Input_Timecourse'!K5-'01_Input_Timecourse'!L5)/$E5/$F5,"") | H5: =IFERROR(('01_Input_Timecourse'!N5-'01_Input_Timecourse'!M5)/$E5/$F5,"") | I5: =IFERROR(('01_Input_Timecourse'!O5-'01_Input_Timecourse'!P5)/$E5/$F5,"") | J5: =IFERROR(('01_Input_Timecourse'!R5-'01_Input_Timecourse'!Q5)/$E5/$F5,"") | K5: =IFERROR(('01_Input_Timecourse'!T5-'01_Input_Timecourse'!S5)/$E5/$F5,"") | L5: =IFERROR(('01_Input_Timecourse'!U5-'01_Input_Timecourse'!V5)/$E5/$F5,"") | M5: =IFERROR(('01_Input_Timecourse'!W5-'01_Input_Timecourse'!X5)/$E5/$F5,"") | N5: =IFERROR(('01_Input_Timecourse'!Y5-'01_Input_Timecourse'!Z5)/$E5/$F5,"") | O5: =IFERROR(('01_Input_Timecourse'!AA5-'01_Input_Timecourse'!AB5)/$E5/$F5,"") | P5: =IFERROR(('01_Input_Timecourse'!AC5-'01_Input_Timecourse'!AD5)/$E5/$F5,"") | Q5: =IFERROR(('01_Input_Timecourse'!AE5-'01_Input_Timecourse'!AF5)/$E5/$F5,"") | R5: =IFERROR(('01_Input_Timecourse'!AH5-'01_Input_Timecourse'!AG5)/$E5/$F5,"") | S5: =IFERROR(('01_Input_Timecourse'!AJ5-'01_Input_Timecourse'!AI5)/$E5/$F5,"") | T5: =IFERROR(('01_Input_Timecourse'!AL5-'01_Input_Timecourse'!AK5)/$E5/$F5,"") | U5: =IFERROR(('01_Input_Timecourse'!AN5-'01_Input_Timecourse'!AM5)/$E5/$F5,"") | V5: =IF(A5="","",IF(OR(E5<=0,F5<=0),"Check time/VCD","OK"))
A6: ='01_Input_Timecourse'!A6 | B6: ='01_Input_Timecourse'!B6 | C6: ='01_Input_Timecourse'!C6 | D6: ='01_Input_Timecourse'!D6 | E6: =IFERROR(('01_Input_Timecourse'!F6-'01_Input_Timecourse'!E6)/24,"") | F6: =IFERROR(AVERAGE('01_Input_Timecourse'!G6:H6),"") | G6: =IFERROR(('01_Input_Timecourse'!K6-'01_Input_Timecourse'!L6)/$E6/$F6,"") | H6: =IFERROR(('01_Input_Timecourse'!N6-'01_Input_Timecourse'!M6)/$E6/$F6,"") | I6: =IFERROR(('01_Input_Timecourse'!O6-'01_Input_Timecourse'!P6)/$E6/$F6,"") | J6: =IFERROR(('01_Input_Timecourse'!R6-'01_Input_Timecourse'!Q6)/$E6/$F6,"") | K6: =IFERROR(('01_Input_Timecourse'!T6-'01_Input_Timecourse'!S6)/$E6/$F6,"") | L6: =IFERROR(('01_Input_Timecourse'!U6-'01_Input_Timecourse'!V6)/$E6/$F6,"") | M6: =IFERROR(('01_Input_Timecourse'!W6-'01_Input_Timecourse'!X6)/$E6/$F6,"") | N6: =IFERROR(('01_Input_Timecourse'!Y6-'01_Input_Timecourse'!Z6)/$E6/$F6,"") | O6: =IFERROR(('01_Input_Timecourse'!AA6-'01_Input_Timecourse'!AB6)/$E6/$F6,"") | P6: =IFERROR(('01_Input_Timecourse'!AC6-'01_Input_Timecourse'!AD6)/$E6/$F6,"") | Q6: =IFERROR(('01_Input_Timecourse'!AE6-'01_Input_Timecourse'!AF6)/$E6/$F6,"") | R6: =IFERROR(('01_Input_Timecourse'!AH6-'01_Input_Timecourse'!AG6)/$E6/$F6,"") | S6: =IFERROR(('01_Input_Timecourse'!AJ6-'01_Input_Timecourse'!AI6)/$E6/$F6,"") | T6: =IFERROR(('01_Input_Timecourse'!AL6-'01_Input_Timecourse'!AK6)/$E6/$F6,"") | U6: =IFERROR(('01_Input_Timecourse'!AN6-'01_Input_Timecourse'!AM6)/$E6/$F6,"") | V6: =IF(A6="","",IF(OR(E6<=0,F6<=0),"Check time/VCD","OK"))
A7: ='01_Input_Timecourse'!A7 | B7: ='01_Input_Timecourse'!B7 | C7: ='01_Input_Timecourse'!C7 | D7: ='01_Input_Timecourse'!D7 | E7: =IFERROR(('01_Input_Timecourse'!F7-'01_Input_Timecourse'!E7)/24,"") | F7: =IFERROR(AVERAGE('01_Input_Timecourse'!G7:H7),"") | G7: =IFERROR(('01_Input_Timecourse'!K7-'01_Input_Timecourse'!L7)/$E7/$F7,"") | H7: =IFERROR(('01_Input_Timecourse'!N7-'01_Input_Timecourse'!M7)/$E7/$F7,"") | I7: =IFERROR(('01_Input_Timecourse'!O7-'01_Input_Timecourse'!P7)/$E7/$F7,"") | J7: =IFERROR(('01_Input_Timecourse'!R7-'01_Input_Timecourse'!Q7)/$E7/$F7,"") | K7: =IFERROR(('01_Input_Timecourse'!T7-'01_Input_Timecourse'!S7)/$E7/$F7,"") | L7: =IFERROR(('01_Input_Timecourse'!U7-'01_Input_Timecourse'!V7)/$E7/$F7,"") | M7: =IFERROR(('01_Input_Timecourse'!W7-'01_Input_Timecourse'!X7)/$E7/$F7,"") | N7: =IFERROR(('01_Input_Timecourse'!Y7-'01_Input_Timecourse'!Z7)/$E7/$F7,"") | O7: =IFERROR(('01_Input_Timecourse'!AA7-'01_Input_Timecourse'!AB7)/$E7/$F7,"") | P7: =IFERROR(('01_Input_Timecourse'!AC7-'01_Input_Timecourse'!AD7)/$E7/$F7,"") | Q7: =IFERROR(('01_Input_Timecourse'!AE7-'01_Input_Timecourse'!AF7)/$E7/$F7,"") | R7: =IFERROR(('01_Input_Timecourse'!AH7-'01_Input_Timecourse'!AG7)/$E7/$F7,"") | S7: =IFERROR(('01_Input_Timecourse'!AJ7-'01_Input_Timecourse'!AI7)/$E7/$F7,"") | T7: =IFERROR(('01_Input_Timecourse'!AL7-'01_Input_Timecourse'!AK7)/$E7/$F7,"") | U7: =IFERROR(('01_Input_Timecourse'!AN7-'01_Input_Timecourse'!AM7)/$E7/$F7,"") | V7: =IF(A7="","",IF(OR(E7<=0,F7<=0),"Check time/VCD","OK"))
A8: ='01_Input_Timecourse'!A8 | B8: ='01_Input_Timecourse'!B8 | C8: ='01_Input_Timecourse'!C8 | D8: ='01_Input_Timecourse'!D8 | E8: =IFERROR(('01_Input_Timecourse'!F8-'01_Input_Timecourse'!E8)/24,"") | F8: =IFERROR(AVERAGE('01_Input_Timecourse'!G8:H8),"") | G8: =IFERROR(('01_Input_Timecourse'!K8-'01_Input_Timecourse'!L8)/$E8/$F8,"") | H8: =IFERROR(('01_Input_Timecourse'!N8-'01_Input_Timecourse'!M8)/$E8/$F8,"") | I8: =IFERROR(('01_Input_Timecourse'!O8-'01_Input_Timecourse'!P8)/$E8/$F8,"") | J8: =IFERROR(('01_Input_Timecourse'!R8-'01_Input_Timecourse'!Q8)/$E8/$F8,"") | K8: =IFERROR(('01_Input_Timecourse'!T8-'01_Input_Timecourse'!S8)/$E8/$F8,"") | L8: =IFERROR(('01_Input_Timecourse'!U8-'01_Input_Timecourse'!V8)/$E8/$F8,"") | M8: =IFERROR(('01_Input_Timecourse'!W8-'01_Input_Timecourse'!X8)/$E8/$F8,"") | N8: =IFERROR(('01_Input_Timecourse'!Y8-'01_Input_Timecourse'!Z8)/$E8/$F8,"") | O8: =IFERROR(('01_Input_Timecourse'!AA8-'01_Input_Timecourse'!AB8)/$E8/$F8,"") | P8: =IFERROR(('01_Input_Timecourse'!AC8-'01_Input_Timecourse'!AD8)/$E8/$F8,"") | Q8: =IFERROR(('01_Input_Timecourse'!AE8-'01_Input_Timecourse'!AF8)/$E8/$F8,"") | R8: =IFERROR(('01_Input_Timecourse'!AH8-'01_Input_Timecourse'!AG8)/$E8/$F8,"") | S8: =IFERROR(('01_Input_Timecourse'!AJ8-'01_Input_Timecourse'!AI8)/$E8/$F8,"") | T8: =IFERROR(('01_Input_Timecourse'!AL8-'01_Input_Timecourse'!AK8)/$E8/$F8,"") | U8: =IFERROR(('01_Input_Timecourse'!AN8-'01_Input_Timecourse'!AM8)/$E8/$F8,"") | V8: =IF(A8="","",IF(OR(E8<=0,F8<=0),"Check time/VCD","OK"))
A9: ='01_Input_Timecourse'!A9 | B9: ='01_Input_Timecourse'!B9 | C9: ='01_Input_Timecourse'!C9 | D9: ='01_Input_Timecourse'!D9 | E9: =IFERROR(('01_Input_Timecourse'!F9-'01_Input_Timecourse'!E9)/24,"") | F9: =IFERROR(AVERAGE('01_Input_Timecourse'!G9:H9),"") | G9: =IFERROR(('01_Input_Timecourse'!K9-'01_Input_Timecourse'!L9)/$E9/$F9,"") | H9: =IFERROR(('01_Input_Timecourse'!N9-'01_Input_Timecourse'!M9)/$E9/$F9,"") | I9: =IFERROR(('01_Input_Timecourse'!O9-'01_Input_Timecourse'!P9)/$E9/$F9,"") | J9: =IFERROR(('01_Input_Timecourse'!R9-'01_Input_Timecourse'!Q9)/$E9/$F9,"") | K9: =IFERROR(('01_Input_Timecourse'!T9-'01_Input_Timecourse'!S9)/$E9/$F9,"") | L9: =IFERROR(('01_Input_Timecourse'!U9-'01_Input_Timecourse'!V9)/$E9/$F9,"") | M9: =IFERROR(('01_Input_Timecourse'!W9-'01_Input_Timecourse'!X9)/$E9/$F9,"") | N9: =IFERROR(('01_Input_Timecourse'!Y9-'01_Input_Timecourse'!Z9)/$E9/$F9,"") | O9: =IFERROR(('01_Input_Timecourse'!AA9-'01_Input_Timecourse'!AB9)/$E9/$F9,"") | P9: =IFERROR(('01_Input_Timecourse'!AC9-'01_Input_Timecourse'!AD9)/$E9/$F9,"") | Q9: =IFERROR(('01_Input_Timecourse'!AE9-'01_Input_Timecourse'!AF9)/$E9/$F9,"") | R9: =IFERROR(('01_Input_Timecourse'!AH9-'01_Input_Timecourse'!AG9)/$E9/$F9,"") | S9: =IFERROR(('01_Input_Timecourse'!AJ9-'01_Input_Timecourse'!AI9)/$E9/$F9,"") | T9: =IFERROR(('01_Input_Timecourse'!AL9-'01_Input_Timecourse'!AK9)/$E9/$F9,"") | U9: =IFERROR(('01_Input_Timecourse'!AN9-'01_Input_Timecourse'!AM9)/$E9/$F9,"") | V9: =IF(A9="","",IF(OR(E9<=0,F9<=0),"Check time/VCD","OK"))
A10: ='01_Input_Timecourse'!A10 | B10: ='01_Input_Timecourse'!B10 | C10: ='01_Input_Timecourse'!C10 | D10: ='01_Input_Timecourse'!D10 | E10: =IFERROR(('01_Input_Timecourse'!F10-'01_Input_Timecourse'!E10)/24,"") | F10: =IFERROR(AVERAGE('01_Input_Timecourse'!G10:H10),"") | G10: =IFERROR(('01_Input_Timecourse'!K10-'01_Input_Timecourse'!L10)/$E10/$F10,"") | H10: =IFERROR(('01_Input_Timecourse'!N10-'01_Input_Timecourse'!M10)/$E10/$F10,"") | I10: =IFERROR(('01_Input_Timecourse'!O10-'01_Input_Timecourse'!P10)/$E10/$F10,"") | J10: =IFERROR(('01_Input_Timecourse'!R10-'01_Input_Timecourse'!Q10)/$E10/$F10,"") | K10: =IFERROR(('01_Input_Timecourse'!T10-'01_Input_Timecourse'!S10)/$E10/$F10,"") | L10: =IFERROR(('01_Input_Timecourse'!U10-'01_Input_Timecourse'!V10)/$E10/$F10,"") | M10: =IFERROR(('01_Input_Timecourse'!W10-'01_Input_Timecourse'!X10)/$E10/$F10,"") | N10: =IFERROR(('01_Input_Timecourse'!Y10-'01_Input_Timecourse'!Z10)/$E10/$F10,"") | O10: =IFERROR(('01_Input_Timecourse'!AA10-'01_Input_Timecourse'!AB10)/$E10/$F10,"") | P10: =IFERROR(('01_Input_Timecourse'!AC10-'01_Input_Timecourse'!AD10)/$E10/$F10,"") | Q10: =IFERROR(('01_Input_Timecourse'!AE10-'01_Input_Timecourse'!AF10)/$E10/$F10,"") | R10: =IFERROR(('01_Input_Timecourse'!AH10-'01_Input_Timecourse'!AG10)/$E10/$F10,"") | S10: =IFERROR(('01_Input_Timecourse'!AJ10-'01_Input_Timecourse'!AI10)/$E10/$F10,"") | T10: =IFERROR(('01_Input_Timecourse'!AL10-'01_Input_Timecourse'!AK10)/$E10/$F10,"") | U10: =IFERROR(('01_Input_Timecourse'!AN10-'01_Input_Timecourse'!AM10)/$E10/$F10,"") | V10: =IF(A10="","",IF(OR(E10<=0,F10<=0),"Check time/VCD","OK"))
A11: ='01_Input_Timecourse'!A11 | B11: ='01_Input_Timecourse'!B11 | C11: ='01_Input_Timecourse'!C11 | D11: ='01_Input_Timecourse'!D11 | E11: =IFERROR(('01_Input_Timecourse'!F11-'01_Input_Timecourse'!E11)/24,"") | F11: =IFERROR(AVERAGE('01_Input_Timecourse'!G11:H11),"") | G11: =IFERROR(('01_Input_Timecourse'!K11-'01_Input_Timecourse'!L11)/$E11/$F11,"") | H11: =IFERROR(('01_Input_Timecourse'!N11-'01_Input_Timecourse'!M11)/$E11/$F11,"") | I11: =IFERROR(('01_Input_Timecourse'!O11-'01_Input_Timecourse'!P11)/$E11/$F11,"") | J11: =IFERROR(('01_Input_Timecourse'!R11-'01_Input_Timecourse'!Q11)/$E11/$F11,"") | K11: =IFERROR(('01_Input_Timecourse'!T11-'01_Input_Timecourse'!S11)/$E11/$F11,"") | L11: =IFERROR(('01_Input_Timecourse'!U11-'01_Input_Timecourse'!V11)/$E11/$F11,"") | M11: =IFERROR(('01_Input_Timecourse'!W11-'01_Input_Timecourse'!X11)/$E11/$F11,"") | N11: =IFERROR(('01_Input_Timecourse'!Y11-'01_Input_Timecourse'!Z11)/$E11/$F11,"") | O11: =IFERROR(('01_Input_Timecourse'!AA11-'01_Input_Timecourse'!AB11)/$E11/$F11,"") | P11: =IFERROR(('01_Input_Timecourse'!AC11-'01_Input_Timecourse'!AD11)/$E11/$F11,"") | Q11: =IFERROR(('01_Input_Timecourse'!AE11-'01_Input_Timecourse'!AF11)/$E11/$F11,"") | R11: =IFERROR(('01_Input_Timecourse'!AH11-'01_Input_Timecourse'!AG11)/$E11/$F11,"") | S11: =IFERROR(('01_Input_Timecourse'!AJ11-'01_Input_Timecourse'!AI11)/$E11/$F11,"") | T11: =IFERROR(('01_Input_Timecourse'!AL11-'01_Input_Timecourse'!AK11)/$E11/$F11,"") | U11: =IFERROR(('01_Input_Timecourse'!AN11-'01_Input_Timecourse'!AM11)/$E11/$F11,"") | V11: =IF(A11="","",IF(OR(E11<=0,F11<=0),"Check time/VCD","OK"))
A12: ='01_Input_Timecourse'!A12 | B12: ='01_Input_Timecourse'!B12 | C12: ='01_Input_Timecourse'!C12 | D12: ='01_Input_Timecourse'!D12 | E12: =IFERROR(('01_Input_Timecourse'!F12-'01_Input_Timecourse'!E12)/24,"") | F12: =IFERROR(AVERAGE('01_Input_Timecourse'!G12:H12),"") | G12: =IFERROR(('01_Input_Timecourse'!K12-'01_Input_Timecourse'!L12)/$E12/$F12,"") | H12: =IFERROR(('01_Input_Timecourse'!N12-'01_Input_Timecourse'!M12)/$E12/$F12,"") | I12: =IFERROR(('01_Input_Timecourse'!O12-'01_Input_Timecourse'!P12)/$E12/$F12,"") | J12: =IFERROR(('01_Input_Timecourse'!R12-'01_Input_Timecourse'!Q12)/$E12/$F12,"") | K12: =IFERROR(('01_Input_Timecourse'!T12-'01_Input_Timecourse'!S12)/$E12/$F12,"") | L12: =IFERROR(('01_Input_Timecourse'!U12-'01_Input_Timecourse'!V12)/$E12/$F12,"") | M12: =IFERROR(('01_Input_Timecourse'!W12-'01_Input_Timecourse'!X12)/$E12/$F12,"") | N12: =IFERROR(('01_Input_Timecourse'!Y12-'01_Input_Timecourse'!Z12)/$E12/$F12,"") | O12: =IFERROR(('01_Input_Timecourse'!AA12-'01_Input_Timecourse'!AB12)/$E12/$F12,"") | P12: =IFERROR(('01_Input_Timecourse'!AC12-'01_Input_Timecourse'!AD12)/$E12/$F12,"") | Q12: =IFERROR(('01_Input_Timecourse'!AE12-'01_Input_Timecourse'!AF12)/$E12/$F12,"") | R12: =IFERROR(('01_Input_Timecourse'!AH12-'01_Input_Timecourse'!AG12)/$E12/$F12,"") | S12: =IFERROR(('01_Input_Timecourse'!AJ12-'01_Input_Timecourse'!AI12)/$E12/$F12,"") | T12: =IFERROR(('01_Input_Timecourse'!AL12-'01_Input_Timecourse'!AK12)/$E12/$F12,"") | U12: =IFERROR(('01_Input_Timecourse'!AN12-'01_Input_Timecourse'!AM12)/$E12/$F12,"") | V12: =IF(A12="","",IF(OR(E12<=0,F12<=0),"Check time/VCD","OK"))
A13: ='01_Input_Timecourse'!A13 | B13: ='01_Input_Timecourse'!B13 | C13: ='01_Input_Timecourse'!C13 | D13: ='01_Input_Timecourse'!D13 | E13: =IFERROR(('01_Input_Timecourse'!F13-'01_Input_Timecourse'!E13)/24,"") | F13: =IFERROR(AVERAGE('01_Input_Timecourse'!G13:H13),"") | G13: =IFERROR(('01_Input_Timecourse'!K13-'01_Input_Timecourse'!L13)/$E13/$F13,"") | H13: =IFERROR(('01_Input_Timecourse'!N13-'01_Input_Timecourse'!M13)/$E13/$F13,"") | I13: =IFERROR(('01_Input_Timecourse'!O13-'01_Input_Timecourse'!P13)/$E13/$F13,"") | J13: =IFERROR(('01_Input_Timecourse'!R13-'01_Input_Timecourse'!Q13)/$E13/$F13,"") | K13: =IFERROR(('01_Input_Timecourse'!T13-'01_Input_Timecourse'!S13)/$E13/$F13,"") | L13: =IFERROR(('01_Input_Timecourse'!U13-'01_Input_Timecourse'!V13)/$E13/$F13,"") | M13: =IFERROR(('01_Input_Timecourse'!W13-'01_Input_Timecourse'!X13)/$E13/$F13,"") | N13: =IFERROR(('01_Input_Timecourse'!Y13-'01_Input_Timecourse'!Z13)/$E13/$F13,"") | O13: =IFERROR(('01_Input_Timecourse'!AA13-'01_Input_Timecourse'!AB13)/$E13/$F13,"") | P13: =IFERROR(('01_Input_Timecourse'!AC13-'01_Input_Timecourse'!AD13)/$E13/$F13,"") | Q13: =IFERROR(('01_Input_Timecourse'!AE13-'01_Input_Timecourse'!AF13)/$E13/$F13,"") | R13: =IFERROR(('01_Input_Timecourse'!AH13-'01_Input_Timecourse'!AG13)/$E13/$F13,"") | S13: =IFERROR(('01_Input_Timecourse'!AJ13-'01_Input_Timecourse'!AI13)/$E13/$F13,"") | T13: =IFERROR(('01_Input_Timecourse'!AL13-'01_Input_Timecourse'!AK13)/$E13/$F13,"") | U13: =IFERROR(('01_Input_Timecourse'!AN13-'01_Input_Timecourse'!AM13)/$E13/$F13,"") | V13: =IF(A13="","",IF(OR(E13<=0,F13<=0),"Check time/VCD","OK"))
... A101: ='01_Input_Timecourse'!A101 | B101: ='01_Input_Timecourse'!B101 | C101: ='01_Input_Timecourse'!C101 | D101: ='01_Input_Timecourse'!D101 | E101: =IFERROR(('01_Input_Timecourse'!F101-'01_Input_Timecourse'!E101)/24,"") | F101: =IFERROR(AVERAGE('01_Input_Timecourse'!G101:H101),"") | G101: =IFERROR(('01_Input_Timecourse'!K101-'01_Input_Timecourse'!L101)/$E101/$F101,"") | H101: =IFERROR(('01_Input_Timecourse'!N101-'01_Input_Timecourse'!M101)/$E101/$F101,"") | I101: =IFERROR(('01_Input_Timecourse'!O101-'01_Input_Timecourse'!P101)/$E101/$F101,"") | J101: =IFERROR(('01_Input_Timecourse'!R101-'01_Input_Timecourse'!Q101)/$E101/$F101,"") | K101: =IFERROR(('01_Input_Timecourse'!T101-'01_Input_Timecourse'!S101)/$E101/$F101,"") | L101: =IFERROR(('01_Input_Timecourse'!U101-'01_Input_Timecourse'!V101)/$E101/$F101,"") | M101: =IFERROR(('01_Input_Timecourse'!W101-'01_Input_Timecourse'!X101)/$E101/$F101,"") | N101: =IFERROR(('01_Input_Timecourse'!Y101-'01_Input_Timecourse'!Z101)/$E101/$F101,"") | O101: =IFERROR(('01_Input_Timecourse'!AA101-'01_Input_Timecourse'!AB101)/$E101/$F101,"") | P101: =IFERROR(('01_Input_Timecourse'!AC101-'01_Input_Timecourse'!AD101)/$E101/$F101,"") | Q101: =IFERROR(('01_Input_Timecourse'!AE101-'01_Input_Timecourse'!AF101)/$E101/$F101,"") | R101: =IFERROR(('01_Input_Timecourse'!AH101-'01_Input_Timecourse'!AG101)/$E101/$F101,"") | S101: =IFERROR(('01_Input_Timecourse'!AJ101-'01_Input_Timecourse'!AI101)/$E101/$F101,"") | T101: =IFERROR(('01_Input_Timecourse'!AL101-'01_Input_Timecourse'!AK101)/$E101/$F101,"") | U101: =IFERROR(('01_Input_Timecourse'!AN101-'01_Input_Timecourse'!AM101)/$E101/$F101,"") | V101: =IF(A101="","",IF(OR(E101<=0,F101<=0),"Check time/VCD","OK"))

Sheet 03_Central_Flux_Proxy
A1: Sample_ID | B1: Clone | C1: Group | D1: Phase | E1: GLC_uptake | F1: Glycolysis_to_PYR_proxy | G1: Lactate_branch | H1: Alanine_branch | I1: PYR_to_TCA_proxy | J1: GLN_uptake | K1: GLU_secretion | L1: Glutaminolysis_to_TCA_proxy | M1: TCA_input_proxy | N1: AA_uptake_sum_proxy | O1: Asp_Mal_shuttle_proxy | P1: NH4_burden | Q1: Redox_overflow_ratio | R1: Interpretation_flag
A2: ='02_Exchange_Flux'!A2 | B2: ='02_Exchange_Flux'!B2 | C2: ='02_Exchange_Flux'!C2 | D2: ='02_Exchange_Flux'!D2 | E2: ='02_Exchange_Flux'!G2 | F2: =IFERROR(E2*2,"") | G2: ='02_Exchange_Flux'!H2 | H2: ='02_Exchange_Flux'!K2 | I2: =IFERROR(MAX(0,F2-G2-H2),"") | J2: ='02_Exchange_Flux'!I2 | K2: ='02_Exchange_Flux'!J2 | L2: =IFERROR(MAX(0,J2-K2),"") | M2: =IFERROR(I2+L2,"") | N2: =IFERROR(SUM('02_Exchange_Flux'!L2:Q2),"") | O2: =IFERROR(ABS('02_Exchange_Flux'!M2)+ABS('02_Exchange_Flux'!S2),"") | P2: ='02_Exchange_Flux'!R2 | Q2: =IFERROR(G2/F2,"") | R2: =IF(A2="","",IF(Q2>0.7,"High lactate overflow",IF(M2>L2,"TCA-biased proxy","Balanced/Review")))
A3: ='02_Exchange_Flux'!A3 | B3: ='02_Exchange_Flux'!B3 | C3: ='02_Exchange_Flux'!C3 | D3: ='02_Exchange_Flux'!D3 | E3: ='02_Exchange_Flux'!G3 | F3: =IFERROR(E3*2,"") | G3: ='02_Exchange_Flux'!H3 | H3: ='02_Exchange_Flux'!K3 | I3: =IFERROR(MAX(0,F3-G3-H3),"") | J3: ='02_Exchange_Flux'!I3 | K3: ='02_Exchange_Flux'!J3 | L3: =IFERROR(MAX(0,J3-K3),"") | M3: =IFERROR(I3+L3,"") | N3: =IFERROR(SUM('02_Exchange_Flux'!L3:Q3),"") | O3: =IFERROR(ABS('02_Exchange_Flux'!M3)+ABS('02_Exchange_Flux'!S3),"") | P3: ='02_Exchange_Flux'!R3 | Q3: =IFERROR(G3/F3,"") | R3: =IF(A3="","",IF(Q3>0.7,"High lactate overflow",IF(M3>L3,"TCA-biased proxy","Balanced/Review")))
A4: ='02_Exchange_Flux'!A4 | B4: ='02_Exchange_Flux'!B4 | C4: ='02_Exchange_Flux'!C4 | D4: ='02_Exchange_Flux'!D4 | E4: ='02_Exchange_Flux'!G4 | F4: =IFERROR(E4*2,"") | G4: ='02_Exchange_Flux'!H4 | H4: ='02_Exchange_Flux'!K4 | I4: =IFERROR(MAX(0,F4-G4-H4),"") | J4: ='02_Exchange_Flux'!I4 | K4: ='02_Exchange_Flux'!J4 | L4: =IFERROR(MAX(0,J4-K4),"") | M4: =IFERROR(I4+L4,"") | N4: =IFERROR(SUM('02_Exchange_Flux'!L4:Q4),"") | O4: =IFERROR(ABS('02_Exchange_Flux'!M4)+ABS('02_Exchange_Flux'!S4),"") | P4: ='02_Exchange_Flux'!R4 | Q4: =IFERROR(G4/F4,"") | R4: =IF(A4="","",IF(Q4>0.7,"High lactate overflow",IF(M4>L4,"TCA-biased proxy","Balanced/Review")))
A5: ='02_Exchange_Flux'!A5 | B5: ='02_Exchange_Flux'!B5 | C5: ='02_Exchange_Flux'!C5 | D5: ='02_Exchange_Flux'!D5 | E5: ='02_Exchange_Flux'!G5 | F5: =IFERROR(E5*2,"") | G5: ='02_Exchange_Flux'!H5 | H5: ='02_Exchange_Flux'!K5 | I5: =IFERROR(MAX(0,F5-G5-H5),"") | J5: ='02_Exchange_Flux'!I5 | K5: ='02_Exchange_Flux'!J5 | L5: =IFERROR(MAX(0,J5-K5),"") | M5: =IFERROR(I5+L5,"") | N5: =IFERROR(SUM('02_Exchange_Flux'!L5:Q5),"") | O5: =IFERROR(ABS('02_Exchange_Flux'!M5)+ABS('02_Exchange_Flux'!S5),"") | P5: ='02_Exchange_Flux'!R5 | Q5: =IFERROR(G5/F5,"") | R5: =IF(A5="","",IF(Q5>0.7,"High lactate overflow",IF(M5>L5,"TCA-biased proxy","Balanced/Review")))
A6: ='02_Exchange_Flux'!A6 | B6: ='02_Exchange_Flux'!B6 | C6: ='02_Exchange_Flux'!C6 | D6: ='02_Exchange_Flux'!D6 | E6: ='02_Exchange_Flux'!G6 | F6: =IFERROR(E6*2,"") | G6: ='02_Exchange_Flux'!H6 | H6: ='02_Exchange_Flux'!K6 | I6: =IFERROR(MAX(0,F6-G6-H6),"") | J6: ='02_Exchange_Flux'!I6 | K6: ='02_Exchange_Flux'!J6 | L6: =IFERROR(MAX(0,J6-K6),"") | M6: =IFERROR(I6+L6,"") | N6: =IFERROR(SUM('02_Exchange_Flux'!L6:Q6),"") | O6: =IFERROR(ABS('02_Exchange_Flux'!M6)+ABS('02_Exchange_Flux'!S6),"") | P6: ='02_Exchange_Flux'!R6 | Q6: =IFERROR(G6/F6,"") | R6: =IF(A6="","",IF(Q6>0.7,"High lactate overflow",IF(M6>L6,"TCA-biased proxy","Balanced/Review")))
A7: ='02_Exchange_Flux'!A7 | B7: ='02_Exchange_Flux'!B7 | C7: ='02_Exchange_Flux'!C7 | D7: ='02_Exchange_Flux'!D7 | E7: ='02_Exchange_Flux'!G7 | F7: =IFERROR(E7*2,"") | G7: ='02_Exchange_Flux'!H7 | H7: ='02_Exchange_Flux'!K7 | I7: =IFERROR(MAX(0,F7-G7-H7),"") | J7: ='02_Exchange_Flux'!I7 | K7: ='02_Exchange_Flux'!J7 | L7: =IFERROR(MAX(0,J7-K7),"") | M7: =IFERROR(I7+L7,"") | N7: =IFERROR(SUM('02_Exchange_Flux'!L7:Q7),"") | O7: =IFERROR(ABS('02_Exchange_Flux'!M7)+ABS('02_Exchange_Flux'!S7),"") | P7: ='02_Exchange_Flux'!R7 | Q7: =IFERROR(G7/F7,"") | R7: =IF(A7="","",IF(Q7>0.7,"High lactate overflow",IF(M7>L7,"TCA-biased proxy","Balanced/Review")))
A8: ='02_Exchange_Flux'!A8 | B8: ='02_Exchange_Flux'!B8 | C8: ='02_Exchange_Flux'!C8 | D8: ='02_Exchange_Flux'!D8 | E8: ='02_Exchange_Flux'!G8 | F8: =IFERROR(E8*2,"") | G8: ='02_Exchange_Flux'!H8 | H8: ='02_Exchange_Flux'!K8 | I8: =IFERROR(MAX(0,F8-G8-H8),"") | J8: ='02_Exchange_Flux'!I8 | K8: ='02_Exchange_Flux'!J8 | L8: =IFERROR(MAX(0,J8-K8),"") | M8: =IFERROR(I8+L8,"") | N8: =IFERROR(SUM('02_Exchange_Flux'!L8:Q8),"") | O8: =IFERROR(ABS('02_Exchange_Flux'!M8)+ABS('02_Exchange_Flux'!S8),"") | P8: ='02_Exchange_Flux'!R8 | Q8: =IFERROR(G8/F8,"") | R8: =IF(A8="","",IF(Q8>0.7,"High lactate overflow",IF(M8>L8,"TCA-biased proxy","Balanced/Review")))
A9: ='02_Exchange_Flux'!A9 | B9: ='02_Exchange_Flux'!B9 | C9: ='02_Exchange_Flux'!C9 | D9: ='02_Exchange_Flux'!D9 | E9: ='02_Exchange_Flux'!G9 | F9: =IFERROR(E9*2,"") | G9: ='02_Exchange_Flux'!H9 | H9: ='02_Exchange_Flux'!K9 | I9: =IFERROR(MAX(0,F9-G9-H9),"") | J9: ='02_Exchange_Flux'!I9 | K9: ='02_Exchange_Flux'!J9 | L9: =IFERROR(MAX(0,J9-K9),"") | M9: =IFERROR(I9+L9,"") | N9: =IFERROR(SUM('02_Exchange_Flux'!L9:Q9),"") | O9: =IFERROR(ABS('02_Exchange_Flux'!M9)+ABS('02_Exchange_Flux'!S9),"") | P9: ='02_Exchange_Flux'!R9 | Q9: =IFERROR(G9/F9,"") | R9: =IF(A9="","",IF(Q9>0.7,"High lactate overflow",IF(M9>L9,"TCA-biased proxy","Balanced/Review")))
A10: ='02_Exchange_Flux'!A10 | B10: ='02_Exchange_Flux'!B10 | C10: ='02_Exchange_Flux'!C10 | D10: ='02_Exchange_Flux'!D10 | E10: ='02_Exchange_Flux'!G10 | F10: =IFERROR(E10*2,"") | G10: ='02_Exchange_Flux'!H10 | H10: ='02_Exchange_Flux'!K10 | I10: =IFERROR(MAX(0,F10-G10-H10),"") | J10: ='02_Exchange_Flux'!I10 | K10: ='02_Exchange_Flux'!J10 | L10: =IFERROR(MAX(0,J10-K10),"") | M10: =IFERROR(I10+L10,"") | N10: =IFERROR(SUM('02_Exchange_Flux'!L10:Q10),"") | O10: =IFERROR(ABS('02_Exchange_Flux'!M10)+ABS('02_Exchange_Flux'!S10),"") | P10: ='02_Exchange_Flux'!R10 | Q10: =IFERROR(G10/F10,"") | R10: =IF(A10="","",IF(Q10>0.7,"High lactate overflow",IF(M10>L10,"TCA-biased proxy","Balanced/Review")))
A11: ='02_Exchange_Flux'!A11 | B11: ='02_Exchange_Flux'!B11 | C11: ='02_Exchange_Flux'!C11 | D11: ='02_Exchange_Flux'!D11 | E11: ='02_Exchange_Flux'!G11 | F11: =IFERROR(E11*2,"") | G11: ='02_Exchange_Flux'!H11 | H11: ='02_Exchange_Flux'!K11 | I11: =IFERROR(MAX(0,F11-G11-H11),"") | J11: ='02_Exchange_Flux'!I11 | K11: ='02_Exchange_Flux'!J11 | L11: =IFERROR(MAX(0,J11-K11),"") | M11: =IFERROR(I11+L11,"") | N11: =IFERROR(SUM('02_Exchange_Flux'!L11:Q11),"") | O11: =IFERROR(ABS('02_Exchange_Flux'!M11)+ABS('02_Exchange_Flux'!S11),"") | P11: ='02_Exchange_Flux'!R11 | Q11: =IFERROR(G11/F11,"") | R11: =IF(A11="","",IF(Q11>0.7,"High lactate overflow",IF(M11>L11,"TCA-biased proxy","Balanced/Review")))
A12: ='02_Exchange_Flux'!A12 | B12: ='02_Exchange_Flux'!B12 | C12: ='02_Exchange_Flux'!C12 | D12: ='02_Exchange_Flux'!D12 | E12: ='02_Exchange_Flux'!G12 | F12: =IFERROR(E12*2,"") | G12: ='02_Exchange_Flux'!H12 | H12: ='02_Exchange_Flux'!K12 | I12: =IFERROR(MAX(0,F12-G12-H12),"") | J12: ='02_Exchange_Flux'!I12 | K12: ='02_Exchange_Flux'!J12 | L12: =IFERROR(MAX(0,J12-K12),"") | M12: =IFERROR(I12+L12,"") | N12: =IFERROR(SUM('02_Exchange_Flux'!L12:Q12),"") | O12: =IFERROR(ABS('02_Exchange_Flux'!M12)+ABS('02_Exchange_Flux'!S12),"") | P12: ='02_Exchange_Flux'!R12 | Q12: =IFERROR(G12/F12,"") | R12: =IF(A12="","",IF(Q12>0.7,"High lactate overflow",IF(M12>L12,"TCA-biased proxy","Balanced/Review")))
A13: ='02_Exchange_Flux'!A13 | B13: ='02_Exchange_Flux'!B13 | C13: ='02_Exchange_Flux'!C13 | D13: ='02_Exchange_Flux'!D13 | E13: ='02_Exchange_Flux'!G13 | F13: =IFERROR(E13*2,"") | G13: ='02_Exchange_Flux'!H13 | H13: ='02_Exchange_Flux'!K13 | I13: =IFERROR(MAX(0,F13-G13-H13),"") | J13: ='02_Exchange_Flux'!I13 | K13: ='02_Exchange_Flux'!J13 | L13: =IFERROR(MAX(0,J13-K13),"") | M13: =IFERROR(I13+L13,"") | N13: =IFERROR(SUM('02_Exchange_Flux'!L13:Q13),"") | O13: =IFERROR(ABS('02_Exchange_Flux'!M13)+ABS('02_Exchange_Flux'!S13),"") | P13: ='02_Exchange_Flux'!R13 | Q13: =IFERROR(G13/F13,"") | R13: =IF(A13="","",IF(Q13>0.7,"High lactate overflow",IF(M13>L13,"TCA-biased proxy","Balanced/Review")))
... A101: ='02_Exchange_Flux'!A101 | B101: ='02_Exchange_Flux'!B101 | C101: ='02_Exchange_Flux'!C101 | D101: ='02_Exchange_Flux'!D101 | E101: ='02_Exchange_Flux'!G101 | F101: =IFERROR(E101*2,"") | G101: ='02_Exchange_Flux'!H101 | H101: ='02_Exchange_Flux'!K101 | I101: =IFERROR(MAX(0,F101-G101-H101),"") | J101: ='02_Exchange_Flux'!I101 | K101: ='02_Exchange_Flux'!J101 | L101: =IFERROR(MAX(0,J101-K101),"") | M101: =IFERROR(I101+L101,"") | N101: =IFERROR(SUM('02_Exchange_Flux'!L101:Q101),"") | O101: =IFERROR(ABS('02_Exchange_Flux'!M101)+ABS('02_Exchange_Flux'!S101),"") | P101: ='02_Exchange_Flux'!R101 | Q101: =IFERROR(G101/F101,"") | R101: =IF(A101="","",IF(Q101>0.7,"High lactate overflow",IF(M101>L101,"TCA-biased proxy","Balanced/Review")))

Sheet 04_Fig3_Map_Input
A1: Pathway_Node | B1: Flux_Column | C1: Biological_Meaning | D1: Figure_Use | E1: Caution
A2: Glucose uptake | B2: GLC_uptake | C2: Carbon source consumption | D2: Arrow into glycolysis | E2: Extracellular uptake only
A3: Glycolysis to pyruvate | B3: Glycolysis_to_PYR_proxy | C3: Potential pyruvate generated from glucose | D3: Glycolysis arrow | E3: Proxy, not direct glycolysis flux
A4: Lactate branch | B4: Lactate_branch | C4: Overflow metabolism / lactate secretion | D4: Pyruvate to lactate arrow | E4: Phase-dependent
A5: Alanine branch | B5: Alanine_branch | C5: Pyruvate transamination / alanine secretion | D5: Pyruvate to alanine arrow | E5: Only if alanine measured
A6: Pyruvate to TCA | B6: PYR_to_TCA_proxy | C6: Residual pyruvate entering mitochondria/TCA | D6: Pyruvate to TCA arrow | E6: Approximation
A7: Glutamine uptake | B7: GLN_uptake | C7: Glutamine carbon/nitrogen input | D7: Glutamine entry arrow | E7: Uptake positive
A8: Glutaminolysis to TCA | B8: Glutaminolysis_to_TCA_proxy | C8: Glutamine-derived TCA support | D8: Glutamine to TCA arrow | E8: Approximation
A9: TCA input | B9: TCA_input_proxy | C9: Pyruvate + glutamine support | D9: Central TCA arrow | E9: Relative comparison only
A10: AA uptake sum | B10: AA_uptake_sum_proxy | C10: Amino acid consumption supporting growth/product | D10: AA pool arrow | E10: Selected amino acids only
A11: Asp-Mal shuttle | B11: Asp_Mal_shuttle_proxy | C11: Aspartate/malate-related shuttle proxy | D11: Asp-Mal shuttle arrow | E11: Requires malate for better interpretation
A12: Ammonia burden | B12: NH4_burden | C12: Nitrogen waste/metabolic burden | D12: NH4 output arrow | E12: Higher may indicate stress/catabolism

Sheet 05_Example_Chart
A1: Example Figure 3-style central flux proxy comparison
A3: Flux | B3: Clone_1_example | C3: Clone_2_example
A4: GLC uptake | B4: ='03_Central_Flux_Proxy'!E2 | C4: ='03_Central_Flux_Proxy'!E3
A5: Glycolysis→PYR | B5: ='03_Central_Flux_Proxy'!F2 | C5: ='03_Central_Flux_Proxy'!F3
A6: Lactate branch | B6: ='03_Central_Flux_Proxy'!G2 | C6: ='03_Central_Flux_Proxy'!G3
A7: PYR→TCA | B7: ='03_Central_Flux_Proxy'!I2 | C7: ='03_Central_Flux_Proxy'!I3
A8: GLN uptake | B8: ='03_Central_Flux_Proxy'!J2 | C8: ='03_Central_Flux_Proxy'!J3
A9: GLN→TCA | B9: ='03_Central_Flux_Proxy'!L2 | C9: ='03_Central_Flux_Proxy'!L3
A10: TCA input | B10: ='03_Central_Flux_Proxy'!M2 | C10: ='03_Central_Flux_Proxy'!M3
A11: AA uptake sum | B11: ='03_Central_Flux_Proxy'!N2 | C11: ='03_Central_Flux_Proxy'!N3
A12: NH4 burden | B12: ='03_Central_Flux_Proxy'!P2 | C12: ='03_Central_Flux_Proxy'!P3

Sheet 06_Calculation_Rules
A1: Calculation | B1: Formula | C1: Interpretation
A2: delta_t_day | B2: (t_end_h - t_start_h) / 24 | C2: Time interval in days
A3: avg_VCD | B3: AVERAGE(VCD_start, VCD_end) | C3: Simple average viable cell density
A4: Uptake flux | B4: (C_start - C_end) / delta_t_day / avg_VCD | C4: Positive = consumed by cells
A5: Secretion flux | B5: (C_end - C_start) / delta_t_day / avg_VCD | C5: Positive = secreted by cells
A6: Glycolysis_to_PYR_proxy | B6: Glucose_uptake × 2 | C6: 1 glucose can generate 2 pyruvate
A7: PYR_to_TCA_proxy | B7: MAX(0, Glycolysis_to_PYR - Lactate_branch - Alanine_branch) | C7: Residual pyruvate proxy entering mitochondria
A8: Glutaminolysis_to_TCA_proxy | B8: MAX(0, Glutamine_uptake - Glutamate_secretion) | C8: Simplified glutamine-derived TCA support proxy
A9: TCA_input_proxy | B9: PYR_to_TCA_proxy + Glutaminolysis_to_TCA_proxy | C9: Central TCA input proxy
A10: Redox_overflow_ratio | B10: Lactate_branch / Glycolysis_to_PYR_proxy | C10: Higher = stronger lactate overflow tendency
